{
  "train_loss": [
    2.323957264035247,
    0.6374243180761585,
    0.155613370965835,
    0.0032608273918912447,
    3.407925776321894e-05,
    8.355056008301094e-06,
    5.1524747473922866e-06,
    3.898951904045573e-06,
    3.113830952603171e-06,
    1.0519219271293377e-05,
    1.1840039512547683e-05,
    2.2427511475368743e-06,
    1.7358755413188042e-06,
    2.595532587417255e-06,
    5.44020636504065e-05,
    1.2084651816758632e-06,
    1.011840897521817e-06,
    8.741467945894326e-07,
    7.881348613119606e-07,
    7.102150159789868e-07,
    6.454947323980454e-07,
    5.862286372337026e-07,
    5.479623436502266e-07,
    5.111483773904586e-07,
    4.589049146853377e-07
  ],
  "val_loss": [
    1.9120140039137348,
    0.33344594255340065,
    0.012083949824665336,
    7.349891641507426e-05,
    7.712519457892697e-06,
    4.433963800304434e-06,
    3.0879068719015545e-06,
    2.433411657042645e-06,
    1.935395014801781e-06,
    1.8529120491012315e-06,
    1.6322737597328798e-06,
    1.234645394668694e-06,
    1.024710333111959e-06,
    9.472552516243739e-07,
    9.418797906826756e-07,
    7.394901290619203e-07,
    6.457948480832848e-07,
    5.75093118342252e-07,
    5.183475089941773e-07,
    4.6897202321769766e-07,
    4.261063479181283e-07,
    3.896743199864945e-07,
    3.579399991945168e-07,
    3.283070876071131e-07,
    3.0238209454532e-07
  ],
  "val_token_accuracy": [
    0.2628321198186115,
    0.8979370249728555,
    0.9999321389793703,
    1.0,
    1.0,
    1.0,
    1.0,
    1.0,
    1.0,
    1.0,
    1.0,
    1.0,
    1.0,
    1.0,
    1.0,
    1.0,
    1.0,
    1.0,
    1.0,
    1.0,
    1.0,
    1.0,
    1.0,
    1.0,
    1.0
  ],
  "val_exact_match_accuracy": [
    0.0,
    0.12920738327904452,
    0.998914223669924,
    1.0,
    1.0,
    1.0,
    1.0,
    1.0,
    1.0,
    1.0,
    1.0,
    1.0,
    1.0,
    1.0,
    1.0,
    1.0,
    1.0,
    1.0,
    1.0,
    1.0,
    1.0,
    1.0,
    1.0,
    1.0,
    1.0
  ],
  "val_slot_accuracy": [
    0.21091205211726385,
    0.7958740499457112,
    0.9998642779587406,
    1.0,
    1.0,
    1.0,
    1.0,
    1.0,
    1.0,
    1.0,
    1.0,
    1.0,
    1.0,
    1.0,
    1.0,
    1.0,
    1.0,
    1.0,
    1.0,
    1.0,
    1.0,
    1.0,
    1.0,
    1.0,
    1.0
  ],
  "best_epoch": 25,
  "best_val_loss": 3.0238209454532e-07
}